{
  "resources": [
    "./audio.ogg",
    "./audio.mp3",
    "./audio.m4a"
  ],
  "spritemap": {
    "Button": {
      "start": 0,
      "end": 0.1306122448979592,
      "loop": false
    },
    "FlipCard": {
      "start": 2,
      "end": 2.3918367346938774,
      "loop": false
    },
    "round-finish": {
      "start": 4,
      "end": 7.213061224489795,
      "loop": false
    },
    "shuffle": {
      "start": 9,
      "end": 10.128004535147392,
      "loop": false
    },
    "splashscreen": {
      "start": 12,
      "end": 20.855510204081632,
      "loop": false
    },
    "time-warn": {
      "start": 22,
      "end": 27.302857142857142,
      "loop": false
    },
    "win-line": {
      "start": 29,
      "end": 35.817959183673466,
      "loop": false
    }
  }
}