{
  "resources": [
    "./audio.ogg",
    "./audio.mp3",
    "./audio.m4a"
  ],
  "spritemap": {
    "Button": {
      "start": 0,
      "end": 0.1306122448979592,
      "loop": false
    },
    "FlipCard": {
      "start": 2,
      "end": 2.3918367346938774,
      "loop": false
    },
    "round-finish": {
      "start": 4,
      "end": 6.00312925170068,
      "loop": false
    },
    "shuffle": {
      "start": 8,
      "end": 9.128004535147392,
      "loop": false
    },
    "splashscreen": {
      "start": 11,
      "end": 19.855510204081632,
      "loop": false
    },
    "time-warn": {
      "start": 21,
      "end": 23.001315192743764,
      "loop": false
    },
    "win-line": {
      "start": 25,
      "end": 28.00104308390023,
      "loop": false
    }
  }
}