{
  "resources": [
    "./audio.ogg",
    "./audio.mp3",
    "./audio.m4a"
  ],
  "spritemap": {
    "burn-in-fire": {
      "start": 0,
      "end": 1.1228571428571428,
      "loop": false
    },
    "Button": {
      "start": 3,
      "end": 3.130612244897959,
      "loop": false
    },
    "fall-down": {
      "start": 5,
      "end": 5.622040816326531,
      "loop": false
    },
    "jump-up": {
      "start": 7,
      "end": 8.00530612244898,
      "loop": false
    },
    "life-lost": {
      "start": 10,
      "end": 11.800090702947847,
      "loop": false
    },
    "new-level-start": {
      "start": 13,
      "end": 14.95031746031746,
      "loop": false
    },
    "new-spider": {
      "start": 16,
      "end": 17.001133786848072,
      "loop": false
    },
    "prize-won": {
      "start": 19,
      "end": 19.90172335600907,
      "loop": false
    },
    "spider-eats": {
      "start": 21,
      "end": 21.329750566893424,
      "loop": false
    },
    "stairs-hit": {
      "start": 23,
      "end": 23.258684807256238,
      "loop": false
    },
    "steps": {
      "start": 25,
      "end": 25.63374149659864,
      "loop": false
    },
    "up-stairs": {
      "start": 27,
      "end": 28.00861678004535,
      "loop": false
    }
  }
}